{"cameraMode":{"drawMode":0,"name":"Shaded","section":"Shading Mode"},"sceneLighting":false,"audioPlay":false,"sceneViewState":{"showFog":true,"showMaterialUpdate":false,"showSkybox":false,"showFlares":true,"showImageEffects":true,"showParticleSystems":true},"in2DMode":false,"pivot":{"x":-1.0993045568466187,"y":6.141334533691406,"z":-0.6191564798355103},"rotation":{"x":-0.19085831940174104,"y":0.2690672278404236,"z":-0.05448818579316139,"w":-0.9424535036087036},"size":2.8578836917877199,"orthographic":false}