{"cameraMode":{"drawMode":0,"name":"Shaded","section":"Shading Mode"},"sceneLighting":true,"audioPlay":false,"sceneViewState":{"showFog":true,"showMaterialUpdate":false,"showSkybox":true,"showFlares":true,"showImageEffects":true,"showParticleSystems":true},"in2DMode":false,"pivot":{"x":-1.0936061143875123,"y":6.2432050704956059,"z":-0.5613579750061035},"rotation":{"x":-0.19085831940174104,"y":0.2690672278404236,"z":-0.05448818579316139,"w":-0.9424535036087036},"size":3.457883834838867,"orthographic":false}